frame_num,uav_lat,uav_lon,error,true_distance,u,v,phi,true_posex,true_posey
1,32.304626729999995,119.8968847,4.656612873077393e-10,0.0,0.0,0.0,-39.293446,0.0,0.0
2,32.30517551488987,119.89604059996235,5.181088240958099,95.27976995989661,-155.8365020751953,-850.6217041015625,-39.041344,-78.1650404788088,54.48358478071168
3,32.3056620610888,119.8952922155881,1.129563110980045,189.97629392015045,-220.8836898803711,-1617.5731201171875,-40.021102,-154.22373944916762,110.9325490645133
4,32.306200334144016,119.89446425048877,2.1350236253106423,285.1602335326067,-396.58641815185547,-2447.9180297851562,-40.112775,-231.3476085148286,166.7172541245818
5,32.30674008271332,119.89363399814866,5.909544956645659,379.869979938889,-585.5026626586914,-3278.3192138671875,-40.422172,-307.40457557479385,223.16726591158658
6,32.30728250699034,119.89279961220036,9.253997520778384,475.519716278592,-755.0590286254883,-4116.396301269531,-40.301851,-385.5833203266375,278.2885259143077
7,32.307715673583516,119.89213327944682,6.570492744201598,570.3101430972472,-710.6800880432129,-4817.127136230469,-39.299175,-462.67803376959637,333.44069395726547
8,32.30830560118181,119.89122578563983,6.132754335124409,665.4044238499422,-944.926685333252,-5719.8946533203125,-39.493981,-538.7495590990875,390.527796513401
9,32.30881943240587,119.89043533475915,5.10913845594655,760.1924718746533,-1185.0218238830566,-6499.908996582031,-39.528358,-615.8425155541627,445.67991914693266
10,32.30935978832223,119.88960406243109,8.19757404092743,855.7608998351494,-1141.7451515197754,-7371.9482421875,-39.814837,-692.978322593146,502.1033380716108
11,32.309870915092326,119.88881773933113,6.690452841651608,950.5482391009833,-1372.4852027893066,-8149.287536621094,-40.800325,-770.0695500168949,557.2565324828029
12,32.310387291981854,119.88802332331203,6.177092356592724,1045.3354752920216,-1523.6279182434082,-8948.960876464844,-39.895051,-847.1599174691364,612.4102629264817
13,32.31088674072549,119.88725493489329,2.5670970015132633,1140.4297642422646,-1518.262981414795,-9748.943786621094,-40.45655,-923.227121430682,669.5011048717424
14,32.311452799674015,119.88638405019307,10.737455348850828,1235.3034523360323,-1724.8121757507324,-10618.421630859375,-41.046696,-1001.3646486676298,723.3556937994435
15,32.31197618158602,119.88557880705946,10.287805147349326,1331.255769557841,-1791.2422904968262,-11444.147033691406,-43.000483,-1078.513219748158,780.4172978666611
16,32.312490423914404,119.8847876093529,9.547217798747498,1425.954270539489,-1807.9300498962402,-12263.961120605469,-40.284663,-1154.5512371433433,836.8733610771596
17,32.31303524128638,119.88394935231894,14.902525636564834,1519.9736794383193,-1878.2371101379395,-13123.31787109375,-41.144099,-1231.6124737926293,890.758497340139
18,32.31350783332046,119.88322220675067,5.284311332188247,1615.9178188926091,-1972.3493843078613,-13862.961791992188,-42.370229,-1308.7489985022694,947.8219539206475
19,32.31410623045878,119.88230147390406,19.677611464777947,1710.710270412663,-2101.4920539855957,-14797.763549804688,-40.983671,-1385.8427686898503,1002.9802838368341
20,32.31457864960924,119.88157456366545,10.751420607381156,1805.8807131246638,-2035.1148643493652,-15565.226318359375,-40.422172,-1462.943331213086,1058.7738000606187
21,32.31512605529295,119.88073225489822,14.655045628405345,1901.9112148079232,-2229.145305633545,-16407.106689453125,-40.221637,-1541.1261211917736,1114.5387151609175
22,32.315630972100394,119.87995530886829,12.51354523050864,1996.227910075799,-2368.2789421081543,-17190.619079589844,-40.886268,-1617.1512670910452,1170.3621868086047
23,32.31618065210576,119.87910946542036,18.567922508362386,2090.544429445208,-2593.4447441101074,-18030.706115722656,-41.694139,-1693.1755568524823,1226.1861788332462
24,32.31670344938243,119.87830497190966,18.842120276480706,2185.713308631723,-2517.6652488708496,-18880.446533203125,-41.648302,-1770.2726493136724,1281.981830846984
25,32.317267662342935,119.87743672831019,26.179544405770365,2281.356349376811,-2768.355739593506,-19739.33660888672,-39.597113,-1848.4348947650287,1337.1145174056292
26,32.317772889544116,119.87665923902814,23.73476016293289,2376.058053433084,-2738.7190132141113,-20552.905700683594,-41.911863,-1924.4736745248083,1393.5755987190641
27,32.318239802445575,119.87594069748607,13.850766132288028,2471.5336789048083,-2801.6923332214355,-21288.972106933594,-40.124234,-2000.5457273918437,1451.3082093666308
28,32.31882595070132,119.87503864356488,26.01777509728183,2566.014076880793,-3204.318920135498,-22156.398803710938,-41.820189,-2078.654128516093,1504.5348971537314
29,32.3192958858904,119.87431542089826,16.288208985397517,2661.567498658472,-2876.402843475342,-22965.710510253906,-40.387795,-2155.7639395137085,1560.9687335137278
30,32.319816873167184,119.87351361423141,16.510927419743876,2756.6548965533384,-3046.283977508545,-23769.614501953125,-41.052426,-2231.8163079918595,1618.0674232160673
31,32.320364580936314,119.8726706665967,21.95746560294746,2851.047571360527,-3356.306468963623,-24591.760498046875,-40.571141,-2308.8732115488965,1672.5958110531792
32,32.320853112930976,119.87191877786101,16.0040872898933,2946.221483271627,-3328.0273818969727,-25378.42010498047,-40.874809,-2385.9728042765055,1728.3965996680781
33,32.321372833475465,119.8711188716214,14.813256025688219,3042.246966952295,-3468.778480529785,-26185.416259765625,-39.717434,-2464.1450982696842,1784.168025328312
34,32.32189219452974,119.87031950230023,16.02986691386653,3136.086080797919,-3409.7893981933594,-27026.79412841797,-41.258691,-2539.0939308191882,1840.6623581340536
35,32.322436555964146,119.8694816363241,20.296723738957606,3230.9508724744715,-3702.919952392578,-27846.572021484375,-39.539817,-2617.213376507163,1894.5283534894697
36,32.32286795078049,119.86881763264887,4.65482492707527,3326.4223115272007,-3703.1084747314453,-28536.84796142578,-40.45655,-2693.2775580910966,1952.2657067389227
37,32.323476921861605,119.86788028403943,19.433331124409836,3421.7536124932562,-3929.1346282958984,-29471.77032470703,-37.981372,-2772.4518597325077,2005.4696382833645
38,32.32398847749978,119.8670928631318,18.38993889345827,3516.3709649911657,-3930.65478515625,-30290.099975585938,-40.04402,-2847.440718423575,2063.236806209199
39,32.32443505831353,119.86640544286365,5.581470528788142,3610.7608258317837,-3971.8466033935547,-30997.520629882812,-39.339282,-2924.490755678853,2117.7694778493606
40,32.324943423046335,119.86562290409022,3.4053146693282303,3705.9234805612496,-4042.1290435791016,-31798.725708007812,-39.746082,-3001.5739623527043,2173.5736914817244
41,32.3254691218409,119.86481366605115,4.102468909620552,3802.2530329472147,-4006.749931335449,-32646.164916992188,-39.963806,-3078.716734121437,2231.2846966707148
42,32.32598510486678,119.8640193677286,4.585968375252821,3896.562530562888,-4251.206016540527,-33429.099548339844,-40.565412,-3154.7246467235964,2287.1187021974474
43,32.32654250673903,119.86316129154511,9.641910984990549,3991.424066295265,-4342.893989562988,-34305.05401611328,-39.992454,-3232.837200478185,2340.989045725204
44,32.32705959756065,119.86236525417117,9.648947337564547,4086.1198218833183,-4445.385948181152,-35114.616760253906,-40.204448,-3308.8604226538446,2397.460719632916
45,32.327560223562266,119.86159454815342,5.282811457523689,4181.754023491501,-4603.986747741699,-35888.020263671875,-39.133017,-3387.0052362405695,2452.6031563761644
46,32.328077497998535,119.86079819613684,5.580358719508388,4276.440829150253,-4630.1011962890625,-36711.25537109375,-38.737677,-3463.0172771385405,2509.0750294607133
47,32.32866331649673,119.85989629984803,17.128114142604705,4371.22164950168,-4777.634765625,-37622.946350097656,-39.075722,-3540.086838440504,2564.2472356176004
48,32.32920944679016,119.85905548671927,20.737792621468497,4467.241285681851,-4858.340019226074,-38482.824645996094,-38.101693,-3618.2460164752556,2620.0268068783917
49,32.329716798268805,119.85827436057474,19.15926159476872,4561.547813039574,-5084.078453063965,-39255.27331542969,-39.740353,-3694.2479023259366,2675.8645120421425
50,32.33025469971657,119.85744618214831,22.361244371053036,4656.408213204754,-5040.026870727539,-40123.82733154297,-36.841186,-3772.354463053867,2729.7397775389254
51,32.33072477706582,119.8567224145069,14.347180540733316,4751.313402009283,-4883.239608764648,-40903.56951904297,-38.376713,-3846.2905999368522,2789.449347980786
52,32.33120574594627,119.85598186352023,9.32122295480802,4846.3930676398495,-5165.595321655273,-41623.90948486328,-40.387795,-3922.3238156768493,2846.559616632294
53,32.33171296484193,119.8552008799818,5.054838432897982,4941.722735021548,-5364.273208618164,-42400.90850830078,-39.310634,-4001.4936908674426,2899.7709964369424
54,32.33230217252495,119.85429363567089,16.789852420949167,5036.793551017558,-5344.651973724365,-43347.32971191406,-41.081074,-4077.5157484572846,2956.882580802776
55,32.33275657076365,119.85359395248764,5.309989440116725,5130.877093718678,-5606.6503257751465,-44028.727294921875,-37.282364,-4155.584081490524,3009.488443657756
56,32.33334764776027,119.85268379234077,18.079882840447564,5225.954772957219,-5701.342830657959,-44958.15496826172,-41.046696,-4231.613854356459,3066.6019429676235
57,32.33384713019817,119.85191465600741,14.05798138704249,5321.50492411949,-5683.508785247803,-45760.685791015625,-40.353418,-4308.708650465356,3123.050499564968
58,32.334367116873544,119.85111392977176,14.09399941410791,5416.273918985181,-5919.1679039001465,-46551.68536376953,-39.253339,-4385.759293894749,3178.2288434747607
59,32.33487170309926,119.8503369029379,13.025926704174315,5511.264280316107,-5834.146709442139,-47374.154846191406,-42.668167,-4460.737420411315,3236.642648429144
60,32.335429481377936,119.84947794612071,18.03909674257927,5606.891828523863,-6073.207378387451,-48225.06024169922,-41.883215,-4538.869174135383,3291.7932190299034
61,32.33595810887616,119.84866386291147,19.032031581701684,5701.745981007215,-6111.585788726807,-49064.43151855469,-41.281609,-4616.966223723255,3345.6733434288763
62,32.3364886150122,119.84784686952963,21.296073587588545,5796.135124970099,-6216.248462677002,-49895.219177246094,-38.96686,-4694.005946387304,3400.219193256926
63,32.337007290678734,119.84704807883678,20.057085742476666,5891.842587165777,-6346.884601593018,-50702.53430175781,-38.113153,-4773.1746935688425,3454.071860372089
64,32.337456754648656,119.84635586495156,7.4143310273964405,5986.915788302606,-6300.765022277832,-51430.00555419922,-39.608572,-4849.197466959944,3511.188485777471
65,32.33801929910594,119.84548947989985,15.851548108315159,6081.902376099913,-6221.681991577148,-52344.246337890625,-40.250285,-4924.170352206682,3569.6054200511426
66,32.338553518034715,119.84466670169805,18.351095882583824,6176.675729235356,-6503.63981628418,-53149.984313964844,-41.493604,-5001.223497813102,3624.7877991748974
67,32.33902240108223,119.84394453636281,7.906476800792135,6272.380879513676,-6312.14860534668,-53933.99365234375,-38.731947,-5080.388765924843,3678.642668805085
68,32.33955237249047,119.84312826772093,10.293395050741834,6367.06713765984,-6544.272048950195,-54741.66729736328,-38.995508,-5156.391194358934,3735.127010719385
69,32.34000861988968,119.84242553604152,4.536107834707675,6461.365992553685,-6545.380729675293,-55471.763916015625,-38.852268,-5232.375848651165,3790.9752660999075
70,32.340499896475336,119.84166883675825,9.017405008308467,6556.437742509402,-6531.400108337402,-56260.57647705078,-39.711705,-5308.3933957656845,3848.0950387422927
71,32.340996038132964,119.8409046290418,12.19853615311024,6651.201696863814,-6641.619163513184,-57035.451171875,-39.832026,-5385.432811368955,3903.280344350729
72,32.341501396661435,119.8401262091696,16.034228443808395,6746.659667188546,-6637.569717407227,-57845.080139160156,-39.900781,-5461.465482049389,3961.0366639620624
73,32.342054733124094,119.83927386953222,9.428855840393943,6841.982524811424,-6849.506454467773,-58693.72247314453,-40.691463,-5540.618093357654,4014.259086479433
74,32.342585223539274,119.83845670363417,8.35868256411734,6936.658588449262,-6929.1854248046875,-59528.94482421875,-42.484821,-5616.605879892362,4070.7457256214693
75,32.343104334947974,119.83765704934663,7.400868429193954,7031.042675016412,-7086.744293212891,-60332.3330078125,-41.579547,-5693.634432187537,4125.2985407738015
76,32.34352906926056,119.83700276408022,25.172460852774893,7127.350999182777,-6901.4776611328125,-61044.64044189453,-42.08948,-5770.736925886013,4183.02851983672
77,32.34417576711745,119.83600653226559,1.6586093349865658,7221.5142276435645,-7426.207275390625,-61988.03204345703,-42.186882,-5849.835553299286,4234.3466720869765
78,32.34466451727844,119.8352536004654,8.350578444002164,7316.021571958631,-6920.08642578125,-62858.968688964844,-38.600167,-5923.731206955388,4293.434549298137
79,32.34521872525961,119.834399811671,3.403679509564217,7411.72954492331,-7304.970397949219,-63678.79248046875,-37.74646,-6002.895483004977,4347.295787867159
80,32.345686208054396,119.83367961340267,11.848345424200689,7506.710192837571,-7218.483085632324,-64442.27258300781,-40.897727,-6077.855269950116,4405.72051278688
81,32.34612746892785,119.83299980009973,25.632353471201707,7601.777939734643,-7289.275459289551,-65136.26202392578,-41.293068,-6153.863231438212,4462.8460844834335
82,32.34672369649916,119.83208122388396,12.887700612806862,7696.545694897182,-7391.90860748291,-66072.76135253906,-41.694139,-6230.902583073243,4518.038139933255
83,32.347227952641205,119.83130432628118,16.28353218529013,7791.60540292832,-7543.034324645996,-66853.55285644531,-43.865649,-6306.899387427373,4575.1650103367865
84,32.34777236733197,119.83046553980476,9.62566841080549,7886.624178692119,-7666.816146850586,-67703.42419433594,-40.032561,-6387.07475023577,4626.458372322377
85,32.34828496781878,119.82967575337098,13.220860226623738,7981.989722732735,-7431.024520874023,-68565.28942871094,-42.851513,-6462.046976721147,4685.521188134793
86,32.34879417894708,119.82889117323037,14.380382799136306,8076.747833695203,-7502.209846496582,-69368.0224609375,-40.307581,-6539.073427931638,4740.714531926438
87,32.3493194778353,119.82808178891257,12.548440812368574,8171.127187531092,-7696.850135803223,-70174.916015625,-43.676573,-6616.091664499254,4795.273777559865
88,32.34982867642745,119.82729719600603,14.41075019778884,8266.271163632882,-7580.419822692871,-71010.47149658203,-41.447767,-6693.133192063891,4851.103691326454
89,32.35032856980304,119.82652692557524,17.90771679928551,8361.888124003755,-7626.251190185547,-71802.74523925781,-40.702922,-6771.239712467883,4906.270045019221
90,32.35091560108284,119.82562236757715,6.402461160943853,8456.25845818233,-7764.511260986328,-72718.3564453125,-39.402308,-6848.245930317906,4960.830050451681
198,32.303836039999986,119.88977999999999,1.4018261081995787e-09,0.0,0.0,0.0,-41.189936,0.0,0.0
199,32.30431736227234,119.88903957069539,6.9475365385090635,94.71867438579706,-123.81924438476562,-748.3676147460938,-40.227367,-76.05611841380596,56.454354386776686
200,32.30488619976957,119.88816449657837,1.3352968954532305,190.36285763918525,-236.2154998779297,-1638.7514038085938,-40.651356,-154.23409480648115,111.5789476907812
201,32.30540754712471,119.88736246194956,1.3275244029641935,285.5396228958215,-388.16758728027344,-2446.244873046875,-40.777406,-231.34511417266913,167.36879754578695
202,32.30596461255229,119.88650546085827,9.08167917249572,379.4766258584136,-438.29796600341797,-3328.7066040039062,-40.45082,-307.3643501516199,222.5526136192493
203,32.306472809652895,119.88572362341951,6.313652617687571,475.0468926588721,-832.919303894043,-4072.7152099609375,-41.298798,-384.5001831196714,278.9787794901058
204,32.307025097226834,119.88487393710548,11.462615966566547,570.6963964078715,-1080.1832809448242,-4913.055419921875,-43.464578,-462.6746801582631,334.10554801346734
205,32.307536554592836,119.88408705097959,10.8875504963466,664.6327597615477,-1167.9748153686523,-5715.982482910156,-40.416443,-538.6913765880745,389.2920576352626
206,32.30807083626819,119.88326503232165,13.654916613419413,759.4216009656013,-1462.4623641967773,-6519.267395019531,-41.980618,-615.7809589555254,444.4490731242113
207,32.308575207146525,119.88248901702059,9.336355717455513,855.8430042407895,-1486.264986038208,-7322.067443847656,-40.387795,-693.9870629787911,500.84848440019414
208,32.309100455764074,119.88168086324167,10.490179745917995,950.6312814936839,-1867.6342487335205,-8095.712707519531,-40.439361,-771.074909958872,556.0065796249546
209,32.309632293397314,119.88086255448398,12.911968950870047,1045.2576487393112,-1767.6785526275635,-8964.127746582031,-41.103992,-846.0827869605273,613.7649956271052
210,32.31012366494107,119.88010649338966,7.805270722083149,1140.044011601765,-1995.7303104400635,-9710.411804199219,-40.462279,-923.1689088069834,668.9241468217224
211,32.31059194726259,119.87938594548058,3.2396647125950278,1236.4642879145724,-2188.9509677886963,-10425.854125976562,-41.883215,-1001.3715196771082,725.3268331363797
212,32.31112093615837,119.87857197212585,1.0278706291466684,1330.4777788822385,-2301.709581375122,-11252.512939453125,-41.115451,-1078.4217449335847,779.2160548614338
213,32.311609051952075,119.87782087656291,6.974356313296169,1425.491219707452,-2467.5300312042236,-12004.496520996094,-41.298798,-1153.4432263623457,837.6120468461886
214,32.31215215106944,119.87698515759777,2.7515455370889903,1520.7487376324495,-2678.861650466919,-12836.499145507812,-41.67122,-1231.5919496652205,892.1087335804477
215,32.31273133478213,119.87609389207746,7.999066694813488,1615.920041278859,-2816.8042316436768,-13739.088684082031,-43.407283,-1308.690820459975,947.9060693182983
216,32.31332703452522,119.8751771899635,21.766619614345416,1711.0122955206264,-2918.569414138794,-14674.444458007812,-41.762894,-1384.749249639688,1005.0037766322494
217,32.313826899564944,119.8744079480135,18.2100819603144,1805.79576323431,-3037.2111225128174,-15453.512329101562,-40.364877,-1461.829321686877,1060.1666721659712
218,32.31444932801099,119.87345007213946,37.34146167381975,1900.2005230236825,-3409.939058303833,-16384.242919921875,-40.880539,-1538.90092822304,1114.6954565322958
219,32.3149205208793,119.87272492210515,27.326989355488756,1996.2305078081836,-3451.5604038238525,-17130.923706054688,-40.59406,-1617.079430247075,1170.4658715981059
220,32.31540607416345,119.87197765778085,21.990343448991364,2090.241143118158,-3639.6329441070557,-17874.963806152344,-37.419874,-1694.122826836654,1224.359376970213
221,32.315848502959426,119.87129674939581,7.348844427256736,2185.716086818093,-3790.5247440338135,-18556.51043701172,-38.296499,-1770.1939554618439,1282.0952274389565
222,32.316380280166285,119.87047831597616,10.196718320641168,2280.032090221883,-3967.288843154907,-19376.507263183594,-37.843862,-1846.2130947336555,1337.9250880656764
223,32.31691858704452,119.86961578052332,14.50463735057848,2376.5274291394308,200450717551.53125,-35073949745.734375,-39.161665,-1925.4447517662775,1393.0345040047541
224,32.31749700538987,119.86872552494803,26.10092702602395,2470.7629525730267,200450717467.375,-35073950656.58594,-38.886646,-2000.4225706600118,1450.1651997622102
225,32.318089406632716,119.8678137269655,39.65380184443485,2565.157015394723,200450717094.64062,-35073951539.328125,-39.545547,-2077.4787194437813,1504.6968744192272
226,32.31864511169766,119.86695839075672,44.87696311985511,2661.2722272458604,200450716971.28125,-35073952406.99219,-38.411091,-2156.700118949637,1559.1710824770853
227,32.31918457532276,119.86612803530808,48.72101657596292,2755.9645263335333,200450716809.6875,-35073953241.984375,-38.5486,-2232.722546715755,1615.6393470684998
228,32.319580925415416,119.86551795239693,26.613724593485347,2850.9721895888865,200450716645.35938,-35073953847.48828,-41.167018,-2307.730932496721,1674.0431204144843
229,32.3201092310664,119.86470474173323,28.173701057000002,2945.751138172527,200450716477.125,-35073954663.47656,-40.983671,-2384.800646483898,1729.2124347733334
230,32.32061341497236,119.86392864541043,25.41219350707243,3040.530493487909,200450716127.75,-35073955409.17578,-40.267474,-2461.86953001027,1784.3833946315572
231,32.32116564704348,119.86307857026033,30.388120215437063,3136.168986779493,200450716016.78125,-35073956273.48828,-39.832026,-2540.0205416926183,1839.5248194620945
232,32.32170672032166,119.86224565436187,34.29124652142084,3231.254449284081,200450715969.9375,-35073957131.171875,-39.557006,-2616.065045621246,1896.6309585939161
233,32.322136741572905,119.86158367676654,18.240911932498957,3326.039484208318,200450715667.65625,-35073957766.44922,-39.769001,-2693.1407228087774,1951.8021666300483
234,32.322686384060994,119.86073753707512,22.95083848616849,3421.2903962234336,200450715485.71875,-35073958614.22266,-38.588708,-2771.272139493143,2006.3097228892148
235,32.323256363015815,119.8598600713095,32.41521868855973,3515.9802740446253,200450715422.0625,-35073959515.24609,-39.728894,-2847.2876383827534,2062.782196884509
236,32.323818918510725,119.85914194186752,29.15169824379283,3611.231356771162,-670595319008.125,117337599783.44922,-38.840809,-2925.417355813086,2117.2919511571527
237,32.32430726777248,119.85839011239004,23.026817511278008,3706.3143041219596,-670595327352.5625,117337600461.98047,-38.852268,-3001.457509547472,2174.400731079746
238,32.32475976156516,119.85769347063183,11.011274526474876,3801.950331246723,-670595336029.4062,117337601256.05078,-37.901158,-3079.6024268156616,2229.5459658904
239,32.32527287150856,119.85690349158246,9.575691907848682,3896.6461029171933,-670595314531.2812,117337596673.23047,-36.875564,-3155.6238737910753,2286.020301427692
240,32.325845422511684,119.85602197875498,19.188258075723123,3990.9551439710513,-670595336426.7812,117337599588.08594,-39.018426,-3231.6275014374405,2341.859657012392
241,32.326347294968265,119.85524926788939,15.735672404004985,4086.116327156368,-670595305689.0,117337593406.52344,-36.669299,-3308.7038082405925,2397.670900767669
242,32.326842808602585,119.85448633240463,11.855281939245785,4180.425356145325,-670595289567.2188,117337589792.57031,-39.36793,-3384.705746346852,2453.5124146719463
243,32.327393748464296,119.85363804039926,16.954189213601204,4276.059098394844,-670595329793.0,117337595949.33594,-38.577248,-3462.8463198262034,2508.6603552955203
244,32.327881462863516,119.8528870824228,10.712494826237673,4371.139952788258,-670595353257.875,117337599274.53906,-39.069992,-3538.880379249342,2565.772816955112
245,32.32843941603636,119.85202795655752,18.266430613202555,4465.526225374942,-670595300232.2812,117337589103.375,-39.442415,-3615.9193476139335,2620.315198800061
246,32.32898496999111,119.85118790450404,21.926458845321786,4561.54547790162,-670595307379.1875,117337589480.75,-40.107046,-3694.074238501722,2676.100272299722
247,32.3295227820116,119.85035975590209,25.695191227639476,4655.851797647752,-670595321275.75,117337591051.53125,-41.029508,-3770.0718372047413,2731.943320051767
248,32.329990049020545,119.84964022158347,15.496652679411728,4751.405032501605,-670595320584.0312,117337590182.625,-39.430955,-3847.1684336329345,2788.394668288529
249,32.33032510701192,119.8487915961187,14.882163480651169,4847.116343573081,1287886424229.8438,-225348383941.27344,-39.408037,-3926.3434357227525,2842.2463075690903
250,32.330812688426924,119.84804075116637,14.96666691812039,4941.807708125146,1287886460355.375,-225348391042.75,-37.511547,-4002.355356924236,2898.7264481121674
251,32.33140320978437,119.84713136576313,20.85455062782554,5036.4989482570245,1287886498539.0312,-225348398669.1172,-39.09291,-4078.3664128034143,2955.207109275274
252,32.33187115716872,119.84641072562887,18.230827545720665,5131.576755104128,1287886524407.6562,-225348403944.47656,-39.814837,-4154.393503234955,3012.323789668735
253,32.33238826967495,119.84561435556986,17.30078509363573,5225.959909172919,1287886431047.9688,-225348388436.52344,-39.064262,-4231.425595278852,3066.870457632933
254,32.33301629799471,119.8446471497378,29.770596701647907,5320.650352906799,1287886531043.125,-225348406938.4375,-40.238826,-4307.434057491366,3123.3526887386106
255,32.33358251860036,119.84377511134969,34.875740104899165,5416.3593890216425,1287886532051.5938,-225348408021.20312,-37.998561,-4386.603888434009,3177.2087367717177
256,32.334085535005826,119.84300039763883,32.07376125197031,5511.135798886813,1287886448295.625,-225348394171.125,-38.857998,-4463.659708911902,3232.392271493096
257,32.334581777255075,119.84223610194671,30.212700242660528,5606.511242278996,1287886452946.5,-225348395779.22656,-39.700246,-4538.650236798334,3291.4468456609175
258,32.33514953394214,119.84136164374301,36.31926304673982,5702.138895956616,1287886441267.875,-225348394644.54688,-37.534465,-4616.777747061104,3346.6029377598315
259,32.33565627486319,119.8405811454511,33.51626031875459,5796.221328051007,1287886551053.9375,-225348414665.53125,-39.413767,-4694.836941034417,3399.218701533042
260,32.33610302043975,119.83989304090719,25.86540607266441,5891.128989897497,1287886412023.375,-225348391053.71875,-38.451198,-4768.7682583217975,3458.937708897516
261,32.33665067387851,119.83904949537433,29.375389916007077,5986.669838762384,1287886458159.0625,-225348400002.96094,-40.582601,-4845.844087001169,3515.396256871056
262,32.337348966649785,119.83850594984482,20.587988692473367,6081.222784734506,-1843764285126.5625,322613195529.9219,-40.101316,-4924.9666549540125,3567.3483156492002
263,32.337860969070306,119.83771728711659,17.64068266496641,6176.682516418456,-1843764602615.5,322613250263.0703,-39.723164,-5001.001022995799,3625.106298665516
264,32.33832620874954,119.83700064149785,13.67674364078629,6271.061609672573,-1843764226749.3125,322613183751.03125,-38.697569,-5078.023665817338,3679.6588648553006
265,32.33888098343275,119.83614606082486,14.38479326007682,6365.661221779359,-1843764269350.8125,322613190317.1797,-41.356094,-5152.97348769987,3737.446591662243
266,32.33933273057085,119.83545017111585,14.820743356058049,6461.839153460108,-1843764492119.9375,322613228573.1328,-39.717434,-5233.199725032086,3790.644520805683
267,32.33982546576353,119.83469112739213,15.59600607354166,6556.524162183936,-1843764235322.875,322613182851.21875,-39.379389,-5309.19692256616,3847.1336247543804
268,32.340394207864165,119.83381497907918,10.267347384540447,6651.1225379548305,-1843764065920.5,322613152299.53906,-40.341958,-5384.144134112517,3904.922913194634
269,32.34098645383937,119.83290260203223,18.79658299564261,6745.9726955702,-1843764199724.375,322613174763.83594,-41.94624,-5462.228428847622,3958.8139891219325
270,32.34147461599034,119.83215055402734,13.491199586380775,6841.903260272837,-1843764383856.625,322613206200.96875,-42.060832,-5539.32261321228,4015.911504215095
271,32.34195501783267,119.83141044706396,10.58867610730288,6936.200472364092,-1843764205738.625,322613174265.66406,-40.616978,-5615.299526037648,4071.767211630009
272,32.342495815398266,119.83057727773937,12.324807741737136,7031.82277212015,-1843764349210.375,322613198503.9375,-39.975265,-5693.414856401272,4126.930914301425
273,32.343064335181325,119.82970137952283,16.812339152349892,7126.49899688351,-1843764447577.3125,322613214805.59375,-40.702922,-5769.39746651554,4183.424533315469
274,32.343531912834315,119.82898098444346,8.527758550496735,7221.103290357335,-1843764310929.75,322613190147.10156,-40.59406,-5844.348876884673,4241.216681008693
275,32.3441047762996,119.82809835778893,17.148393997192677,7316.4161415563385,-1843764333965.0,322613193260.60156,-41.26442,-5923.484518421814,4294.447149103507
276,32.34465528764017,119.82725015090337,21.58578058732142,7411.571187743461,-1843764415954.9375,322613206725.4922,-42.335851,-6000.539849797962,4350.276885667816
277,32.34523430622867,119.82635800119273,31.753343699427454,7506.8051595201205,-1843764416126.0066,322613205828.4532,-41.121181,-6078.634039767203,4404.807818007655
278,32.34568537885925,119.82566297600836,19.68854187579081,7601.865160347213,-1843764416194.0283,322613205118.21045,-40.548223,-6154.629073542659,4461.938466989901
279,32.34619775969465,119.82487347039094,19.56987445583343,7696.246605547585,-1843764416466.7476,322613204345.6265,-40.084127,-6231.648269646335,4516.499934331514
280,32.34670863446251,119.82408626944792,22.06362104918418,7791.261144507606,-1843764417026.2922,322613203625.634,-39.345012,-6311.811982429121,4567.798126053531
281,32.347245978377316,119.82325826544857,19.855989709835665,7886.932268661426,-1843764416870.261,322613202738.04913,-40.846161,-6385.758476759074,4628.799983467907
282,32.347778220005175,119.82243810623702,20.88562236827292,7981.9909176924375,-1843764416906.3064,322613201892.2338,-39.568465,-6461.750023892382,4685.932739471551
283,32.34829984458314,119.82163429067593,22.117687548214004,8076.370016348443,-1843764417271.0112,322613201120.91626,-40.021102,-6538.765749798855,4740.495238920674
284,32.34883333508259,119.82081217280094,24.72975265649985,8171.127921380091,-1843764417484.0825,322613200304.06134,-40.582601,-6615.7879645949,4795.694018083159
285,32.349361103073946,119.81999885633883,25.37286845363545,8265.727375580824,-1843764417600.1006,322613199479.3787,-40.86335,-6690.729821537738,4853.491887560114
286,32.34984178814182,119.8192580822442,18.726453490509805,8361.810387699286,-1843764417629.5544,322613198714.92505,-38.794972,-6769.889493927825,4908.000529731158
287,32.35036308948542,119.81845469923726,19.94761757358676,8456.18810233783,-1843764418083.3523,322613197959.68463,-39.493981,-6846.901785980212,4962.565178943332
390,32.30042695,119.8866631,0.0,0.0,0.0,0.0,-40.817513,0.0,0.0
391,32.3010241071032,119.88574445180103,14.697950044741606,94.3287865102762,-207.47122192382812,-919.0845336914062,-41.476415,-76.03982499463018,55.81993352994323
392,32.30151166385664,119.884994393403,9.155179558166648,189.0477230707575,-303.4832229614258,-1682.3301391601562,-41.619654,-152.09590893704444,112.27589270565659
393,32.30190555561723,119.884388418921,14.787313025828807,284.6927685879631,-491.7926254272461,-2279.575439453125,-41.522251,-230.2739955431316,167.40328390710056
394,32.302310011565844,119.883766182404,35.696189706591106,379.40807668843763,-683.7861557006836,-2893.0823364257812,-40.290392,-306.32834570563864,223.86029856512323
395,32.30280662076453,119.88300215887419,40.62287185270773,474.9738154486879,-927.3286666870117,-3645.0142211914062,-41.476415,-383.45565219945274,280.2889369172044
396,32.3033222420906,119.88220886974439,40.44087043145543,568.9117356006818,-945.3014068603516,-4466.840637207031,-41.035237,-459.4740727508906,335.47598926583305
397,32.30384670419116,119.88140196245604,40.700159637962834,664.9473256085956,-1074.9303741455078,-5283.2822265625,-40.85762,-537.6658041838091,391.24216138524935
398,32.30448097687951,119.88042608462774,19.702042070185644,759.7364902472528,-1414.5445709228516,-6238.6851806640625,-41.155558,-614.7563151755603,446.4013973600231
399,32.30504625587006,119.87955633841611,11.287133225727434,854.533338863004,-1628.8962860107422,-7105.626281738281,-43.424471,-691.8553855877835,501.56091620214283
400,32.305641700868904,119.87864015741214,1.830251454163186,950.183289489862,-1724.4671478271484,-8041.626159667969,-41.413389,-770.0273849284276,556.6921142661013
401,32.30608051190707,119.87796496737909,13.246169481036004,1045.2719379135478,-1851.5933990478516,-8721.493713378906,-41.384742,-846.0833303930704,613.7885810444131
402,32.306578883455096,119.87719811858705,16.198783216998923,1139.2086463113749,-1992.0686492919922,-9494.33056640625,-42.198342,-922.0966423181817,668.9799115490168
403,32.307119322960965,119.87636652243049,13.650657931014422,1235.165295215158,-2062.6194381713867,-10346.720703125,-40.897727,-999.2434610596392,726.0480783209205
404,32.30768626146,119.8754941321671,5.244856157204858,1330.4254069941296,-2190.2442016601562,-11231.532775878906,-41.304527,-1077.3949133064598,780.5459399400279
405,32.30817331419018,119.87474465248988,11.619295289214639,1425.5136518449374,-2324.3101959228516,-11987.401672363281,-39.304905,-1153.447375179967,837.6445094947703
406,32.30866546274211,119.8739873167199,16.128428855462992,1519.8354594961986,-2641.411422729492,-12719.404235839844,-40.250285,-1229.4742791091558,893.4723392198794
407,32.30909694650613,119.87332332200812,31.93965204969853,1614.628866377878,-2744.1455307006836,-13391.851379394531,-38.640274,-1306.566442045616,948.6361308009364
408,32.309677288463924,119.87243023701576,21.987321937163745,1710.741232752452,-3099.806755065918,-14258.240539550781,-39.63722,-1385.7882060129195,1003.1084754476324
409,32.310228625168634,119.87158176912384,15.798937664459533,1804.9823688745466,-3175.2736740112305,-15127.253173828125,-39.385119,-1460.772874817485,1060.2376904003322
410,32.310720546904605,119.87082472106971,20.65498126896215,1899.7675014883064,-3228.8414306640625,-15905.032165527344,-38.731947,-1537.8530299952254,1115.4033431210555
411,32.31128859792262,119.86995049480586,12.200999423270481,1994.9392596586597,-3525.596221923828,-16762.08642578125,-39.018426,-1614.9493541459087,1171.2050346848555
412,32.311837534153604,119.86910566745797,7.493253017316026,2090.583912216825,-3620.7870559692383,-17623.830810546875,-38.508493,-1693.1109143374488,1226.3427440039814
413,32.31232792561375,119.86835092659715,13.632811875172527,2185.5983067441293,-3761.6440505981445,-18383.909118652344,-40.72584,-1768.1261693371926,1284.7450360860676
414,32.312838191871585,119.86756558178196,14.769284272402432,2280.4671767983273,-4013.055534362793,-19156.453735351562,-39.356471,-1846.2519493161235,1338.6128208339214
415,32.31345498921732,119.86661625512829,4.772961245758099,2374.778278021994,-4160.191993713379,-20117.725952148438,-40.301851,-1922.2617172312457,1394.4467577617615
416,32.31402620515936,119.86573706324809,12.216954056443623,2470.807896478451,-4401.9873123168945,-20989.50372314453,-39.837755,-2000.4368058340624,1450.2221371792257
417,32.31449188657384,119.86502029108327,4.22542592383768,2565.511916375943,-4397.176339149475,-21735.556884765625,-39.557006,-2076.471239117789,1506.6912710252218
418,32.31507927302559,119.86411617297547,14.822177896018822,2660.688405835667,-4639.774010658264,-22633.087768554688,-40.639896,-2153.570900022518,1562.4964548838325
419,32.31560527076203,119.86330652795257,16.67310767034728,2754.997445918748,-4744.420914649963,-23456.525817871094,-40.307581,-2229.5771901845,1618.3313875803724
420,32.31607048809841,119.86259042551345,7.418234819391647,2849.3992585139767,-4823.79319858551,-24187.126342773438,-39.90651,-2306.641142683802,1672.8666334464215
421,32.31664580153786,119.86170483553774,15.353010879698921,2946.2006148966407,-5065.445786476135,-25065.527099609375,-39.803378,-2384.8458315536845,1729.9157271203585
422,32.317176184426195,119.86088839014032,18.519095875579122,3039.742778581455,-5158.070282936096,-25898.108947753906,-40.055479,-2460.825023095589,1784.482100118883
423,32.3177046838148,119.8600748271231,19.553060849379854,3135.2967240368725,-5210.8080224990845,-26734.66339111328,-38.857998,-2537.9279105070746,1840.9257097519003
424,32.31831358382276,119.85913747572901,35.17351359701016,3230.5498584389234,-5609.983864784241,-27639.27801513672,-37.60895,-2616.062060017837,1895.4344319957308
425,32.31872894355544,119.858498050727,16.335413075081423,3325.6372147817233,-5571.90053653717,-28310.673461914062,-38.903834,-2692.106537213549,1952.5432841894217
426,32.31923561127822,119.85771804757475,14.425294284952985,3420.7249230950583,-5688.7672662734985,-29101.089965820312,-39.413767,-2768.1501404257724,2009.65265644202
427,32.31983783530689,119.85679091744036,29.548980633652228,3514.730241311572,-6053.3471002578735,-30001.09912109375,-39.992454,-2845.1817289483733,2063.5575103322044
428,32.320406988471376,119.85631324334322,18.299117749536688,3610.204233840301,-2346864387367.0312,410643319488.4922,-40.101316,-2921.2405520261964,2121.303431203589
429,32.32091964489656,119.85552397450097,18.58747032564465,3705.8413966562516,-2346864387601.2188,410643318709.0,-39.694516,-2999.3873193773907,2176.4503590776585
430,32.321467666692705,119.85468024062249,20.640982655441707,3801.0057465058403,-2346864387779.4062,410643317863.10156,-39.430955,-3076.467145312112,2232.2622132683173
431,32.32199835983663,119.85386316849834,23.48189692086586,3895.0167359816273,-2346864387920.5625,410643317038.4492,-40.215908,-3153.5047037922777,2286.167854016181
432,32.3225345369292,119.85303763582957,23.886113262015428,3990.953895022462,-2346864388118.0625,410643316214.8711,-39.471063,-3230.6166729338,2343.2517800605856
433,32.323124598936424,119.85212911825491,33.49519473305716,4086.124575307615,-2346864388301.0312,410643315302.5,-40.536764,-3307.7033130589407,2399.0649923901074
434,32.32361303560098,119.8513770570418,28.89414797027536,4180.428369635572,-2346864388570.0938,410643314567.83594,-42.072291,-3383.69671091123,2454.9089437741786
435,32.32412813601624,119.85058392509053,27.0723088926265,4275.512678827647,-2346864388542.3438,410643313738.5547,-42.461902,-3459.7324814745225,2512.0230539240874
436,32.32464342665684,119.84979048416784,28.167206327949284,4370.846560462502,-2346864388735.7812,410643312947.66406,-40.611249,-3538.905380785116,2565.238460836932
437,32.32518434347855,119.84895756687428,31.218811110693114,4465.15583147247,-2346864388810.7188,410643312095.0156,-37.815214,-3614.9055869975127,2621.0826382292435
438,32.32569131314348,119.84817690614238,29.13687484364519,4560.317110132391,-2346864389143.1562,410643311341.75,-38.485575,-3691.9784790433478,2676.8987756818533
439,32.32622569978252,119.84735401020563,31.049998439535884,4655.47800051395,-2346864389370.5312,410643310526.21094,-39.746082,-3769.0505018248223,2732.71544950502
440,32.32665863810373,119.84668732072973,19.615126574006467,4751.033386324208,-2346864389443.7188,410643309846.0625,-39.190313,-3846.147999601206,2789.169016594533
441,32.32701319219907,119.84588056060944,3.3769917590201266,4846.193490649402,-811686426216.4375,142025051103.875,-38.181907,-3923.218279225519,2844.986763126217
442,32.32760515368865,119.84496895273844,11.794409665762108,4940.500929937282,-811686862812.6562,142025126549.9375,-38.15326,-3999.214173501823,2900.833575573284
443,32.32813080009175,119.84415945068667,13.081153267035035,5035.273480319058,-811686716563.625,142025100118.60156,-39.224691,-4076.2658366812393,2956.016889381688
444,32.32868636996504,119.84330384795365,19.01908119455411,5130.905609033858,-811686962842.75,142025142322.10156,-39.127288,-4154.399559501093,3011.1719759642147
445,32.32915993833734,119.84257451632325,11.125779917204591,5225.685738649811,-811686682247.7188,142025092466.875,-37.500088,-4231.45894177712,3066.3572301971726
446,32.32976039797284,119.84164974289241,25.097125358736054,5320.764771014628,-811686724549.0312,142025098907.42188,-39.316364,-4307.4851395089645,3123.477152370382
447,32.33027179385791,119.84086212012599,23.00930189656977,5416.395773231402,-811686897889.4062,142025128419.125,-37.74646,-4385.616248141741,3178.633872643113
448,32.33084486516121,119.83997948939579,33.66125279116142,5510.314106344133,-811686547697.1875,142025066226.8125,-37.975643,-4461.5901124905795,3233.8483604989015
449,32.33127542891967,119.83931633232322,15.928461490326187,5606.54509490603,-811686898051.1875,142025126840.90625,-39.047074,-4537.654856290203,3292.8766005425714
450,32.331841485378575,119.83844447129404,25.399327567327855,5700.462700273371,-811686866963.0625,142025120495.14844,-42.22126,-4613.6269990006695,3348.0921300495975
451,32.332330160452486,119.83769178028899,19.8745478251441,5795.239510509497,-811686921613.8125,142025129275.4375,-39.264798,-4690.681168144336,3403.2794717722572
452,32.3328930696623,119.83682473065625,26.286359919238674,5891.641781949065,-811686658342.375,142025082308.35156,-39.91224,-4768.8416152663995,3459.7098917844705
453,32.33341284070377,119.83602410972163,26.55753478410209,5986.325145792628,-811686361546.75,142025029544.40625,-39.717434,-4844.835478774039,3516.1993593596853
454,32.33370761764878,119.83543613620618,6.0078393816924365,6080.019474069887,-23489294653.875,4109993631.234375,-38.55433,-4922.876313798479,3568.18239501724
455,32.334236812995236,119.83462097028494,7.546449666341442,6175.481819749026,-23489668897.0625,4110058267.421875,-38.760595,-4998.911511679296,3625.9425539369695
456,32.33481755968963,119.83372637564231,11.488588224485962,6271.0303356232,-23489726974.375,4110067499.8515625,-36.846916,-5075.995016216766,3682.4035718059167
457,32.33534147543983,119.83291930697382,11.914459506618758,6365.410733064734,-23489659459.25,4110054847.671875,-40.662815,-5153.0177631005645,3736.9588884259574
458,32.33586549798988,119.83211205710484,13.512867079666249,6460.87238401084,-23489741986.75,4110068449.0703125,-41.505063,-5229.050329080666,3794.720624553971
459,32.33642043315489,119.83125716850549,18.83281071566144,6555.25251786185,-23489633719.5,4110048616.6015625,-40.095587,-5306.07138635125,3849.278116202913
460,32.33692337699488,119.83048235738227,15.865058234595203,6651.18631644385,-23489537670.6875,4110031005.28125,-43.17237,-5383.168208719115,3906.3767678868026
461,32.33748850291279,119.82961173322639,22.8873526247223,6745.264777022926,-23489759690.875,4110068948.6328125,-39.963806,-5461.219915533089,3958.999109160155
462,32.33803567718715,119.82876874652156,28.060273636234392,6840.330241594076,-23489699537.1875,4110057547.25,-41.241502,-5537.222769907792,4016.1277134176344
463,32.338591255359205,119.82791279399856,34.475344355160736,6935.7900089775785,-23489784894.25,4110071593.1953125,-41.94624,-5613.250959620578,4073.8920841072686
464,32.33912908997056,119.82708416020472,36.961103907661204,7031.027161054545,-23489745436.125,4110063827.9609375,-40.622708,-5691.350480531342,4128.42253739154
465,32.339642341432665,119.82629338487976,35.45549935145201,7125.878440713018,-23489698195.0,4110054740.2421875,-40.840432,-5769.43238176778,4182.3191585564055
466,32.34017629948034,119.82547068954175,38.49034074272021,7220.563100171187,-23489630188.5,4110041985.9375,-41.092533,-5845.42438312876,4238.814134245273
467,32.34063191386642,119.82476868841607,26.696368643054196,7316.107247343261,-23489693186.875,4110052279.671875,-40.015372,-5922.498288211646,4295.281047936063
468,32.34121760877605,119.82386624336138,38.88638833541241,7410.783886471342,-23489711684.8125,4110054578.6640625,-40.18153,-5998.479136667564,4351.777321847621
469,32.341651975135555,119.82319695348204,22.604007381046806,7506.106147803396,-23489711893.07231,4110053919.6831055,-38.749136,-6077.623554495396,4405.010945722461
470,32.34218073051665,119.82238220953823,26.276060509640867,7600.237266354988,-23489711977.995758,4110053087.9973755,-38.794972,-6151.506292591803,4463.471388627309
471,32.34272256087539,119.82154730107521,28.0097254768411,7696.025125271299,-23489712357.46344,4110052286.9084473,-38.886646,-6231.705587255885,4516.0434234593995
472,32.34317457321578,119.82085077985734,18.57510913599888,7791.308022761063,-23489712083.172363,4110051515.2230225,-40.284663,-6305.627437856281,4576.41162052704
473,32.343752852144505,119.81995967200703,27.658624193758182,7886.463141946773,-23489712317.46599,4110050630.360962,-39.173124,-6382.679344221018,4632.246245412622
474,32.34434065011156,119.8190538747727,39.853367271706084,7980.450097859429,-23489712557.596954,4110049731.2703857,-39.408037,-6459.670733404113,4686.175176028628
475,32.344800925956974,119.81834457455807,28.47298370896766,8076.070006596219,-23489712796.035797,4110049036.0493774,-38.754865,-6537.777476294548,4741.347110463306
476,32.34528513575779,119.8175983774008,22.100151476208705,8171.610642474558,-23489712908.80098,4110048280.511963,-38.892375,-6614.843520205468,4797.81884770561
477,32.34576093206805,119.81686513203556,15.200645290756311,8265.597592643124,-23489713318.793198,4110047590.446533,-39.09864,-6691.83237776591,4851.750507949851
478,32.34625943510328,119.81609687874821,13.230949391357177,8360.664276016418,-23489713169.10562,4110046766.088257,-38.302229,-6767.830710971495,4908.887308126781
479,32.346871810510144,119.81515311367939,27.469180551762733,8455.809618546138,-23489713426.10907,4110045830.557434,-38.720488,-6844.8680025052745,4964.725403622724
580,32.29599225,119.8851849,0.0,0.0,0.0,0.0,-41.510792,0.0,0.0
581,32.296605262247255,119.88424187359756,17.229857632022412,94.72273278280196,-139.29074096679688,-956.4014892578125,-42.026454,-76.05954006826505,56.45655383076519
582,32.29711582377983,119.88345643471193,15.545042542534928,189.60256782986545,-389.3189392089844,-1729.5209350585938,-40.084127,-154.2070354251191,110.31465883133933
583,32.29757190270682,119.88275479755495,3.2373974786880666,285.17580181472243,-551.1476745605469,-2430.91015625,-40.920646,-231.3481570634758,166.74312028987333
584,32.298056357867694,119.88200949226527,3.1382499337662764,379.88290201489406,-695.8018035888672,-3180.7113647460938,-40.72011,-307.39568120683543,223.2015107893385
585,32.2985239090667,119.88129017922569,12.919609459950308,475.07112152999684,-884.7022247314453,-3895.7308349609375,-40.697192,-384.5179634845117,278.9955309131183
586,32.299083203560826,119.8804297045687,5.288805050672564,569.3995229203545,-1217.4596405029297,-4732.374084472656,-42.169694,-460.5560903882142,334.8192113786936
587,32.29963728449569,119.87957723228253,1.4713785370382801,664.1922376338094,-1248.6251220703125,-5613.4552001953125,-42.204071,-537.6501403889852,389.9790444020182
588,32.300160201803386,119.87877268922803,0.6752310093879442,760.2327213135915,-1464.6133880615234,-6412.342468261719,-42.530657,-615.8437106604688,445.74691765150055
589,32.300693925978436,119.87795150200037,3.8572979538177217,854.5592767289166,-1407.203109741211,-7276.366638183594,-41.470685,-691.8792551251827,501.57218201458454
590,32.30117872875616,119.87720557019877,3.010908187285647,949.7381511969096,-1601.4901123046875,-8018.080627441406,-41.361823,-768.9877844888251,557.3691264735535
591,32.301705807972745,119.87639457446247,2.4156749083976483,1044.451428534113,-1744.9339141845703,-8836.342651367188,-40.668544,-845.03867406887,613.8309424384497
592,32.30232302580567,119.87544486463186,15.672416545167483,1140.1022280869502,-2040.286148071289,-9772.26171875,-40.605519,-923.211656342377,668.9643698153086
593,32.30293198156132,119.87450784498382,32.031468805772725,1234.9008613740311,-2370.081008911133,-10688.9443359375,-40.015372,-1000.3099445943953,724.1271657436155
594,32.3033594960789,119.87385000132551,15.126663031989128,1329.9917469717136,-2329.0976791381836,-11380.186340332031,-40.903457,-1076.3658681843663,781.2263211263344
595,32.30396560668079,119.87291732157188,30.01402798507539,1425.6423837717605,-2508.231285095215,-12318.695495605469,-40.192989,-1154.5362675720826,836.3624891559593
596,32.304522207657875,119.87206080734444,37.33175464730662,1519.9663525469277,-2781.251304626465,-13161.564025878906,-41.384742,-1230.5657821303466,892.191441745963
597,32.30491803485239,119.87145168519118,14.808278791397331,1614.7632627242126,-2898.6683807373047,-13774.403564453125,-41.333175,-1307.6606192359468,947.3563740975223
598,32.305493678888354,119.87056583335708,25.08997797411124,1709.552502020644,-3043.1160278320312,-14670.255737304688,-37.941265,-1384.7451772156637,1002.5220951894298
599,32.305996869705666,119.86979146246793,20.539100979702518,1805.9747604906097,-3164.758544921875,-15454.168334960938,-39.241879,-1462.9461308486061,1058.930334707722
600,32.30654035375331,119.86895506623257,25.10716281415853,1900.6835813321313,-3546.767364501953,-16257.007507324219,-41.178477,-1538.989222731092,1115.396901852917
601,32.30708045373683,119.8681238601635,28.903352282022087,1995.4722198050526,-3762.690872192383,-17083.50030517578,-41.218584,-1616.0712127389852,1170.565340068657
602,32.30758889595514,119.8673413587687,27.45263720143022,2089.7937963774784,-3725.085304260254,-17903.702575683594,-41.384742,-1692.0955638026353,1226.3974536573514
603,32.308096665849675,119.86655987644139,24.100562786743474,2185.8277696432338,-3816.849609375,-18700.199462890625,-40.192989,-1770.2759905073326,1282.172358139418
604,32.30865609475282,119.86569887030224,31.950363087849052,2280.1485423100385,-3943.9274291992188,-19573.192260742188,-39.63722,-1846.2986166635528,1338.0055280546658
605,32.30894174489696,119.86474053299322,41.95110397599072,2375.3215944093463,3054916146468.172,-534534956597.6328,-40.548223,-1923.3941302085295,1393.8104952778667
606,32.30952484553134,119.86384305482649,50.138512076876,2470.501737541712,3054916146282.078,-534534957498.1992,-40.846161,-2000.4981935545802,1449.615746596828
607,32.30997280948883,119.8631535579743,40.788182983851875,2566.0613799994853,3054916146209.8906,-534534958202.4453,-40.124234,-2077.608989670407,1506.0583959347568
608,32.31051822382656,119.86231405106267,43.66789547657935,2661.2407317968136,3054916146022.328,-534534959042.46094,-38.817891,-2154.711310391547,1561.8647193163633
609,32.31111688511596,119.8613925652548,54.357413636734194,2755.252504349873,3054916145662.875,-534534959937.6211,-41.207125,-2231.7523979975376,1615.7653284925036
610,32.31161568631537,119.86062477187009,52.11519388709839,2849.9574084914557,3054916145551.922,-534534960716.46094,-41.980618,-2307.7868420179,1672.237160819117
611,32.31202396820381,119.8599963014785,40.85291952214111,2944.963769785026,3054916145761.3125,-534534961406.4961,-40.353418,-2382.7882172034588,1730.6449425872415
612,32.312651373417346,119.85903051384497,50.09547296814105,3040.3864924522277,3054916145192.375,-534534962311.02734,-38.9554,-2463.0158037736546,1782.555237249937
613,32.31311995021919,119.85830920099862,44.07976494252412,3135.476569619773,3054916145002.875,-534534963027.77344,-40.427902,-2539.0646148560336,1839.6641541924328
614,32.313630660529256,119.85752301375025,44.10722984217418,3230.5670889239154,3054916144940.0938,-534534963834.1289,-40.983671,-2615.112552078557,1896.7735911277123
615,32.31412038189257,119.85676912201308,39.22014068005686,3325.822776888642,3054916144893.5312,-534534964609.7383,-40.485198,-2693.248571127886,1951.2840073625557
616,32.31469779003319,119.85588022406412,45.98402772230104,3420.9915575477626,3054916144610.6875,-534534965484.34766,-42.805677,-2770.3345365368295,2007.0948638478294
617,32.315220170430706,119.85507602185862,47.39100192654656,3516.080806297213,3054916144676.4062,-534534966331.8867,-41.499333,-2846.379858900793,2064.205884899944
618,32.31572629386498,119.85429683128035,44.065584737291395,3610.562457928786,3054916144478.1562,-534534967107.22656,-39.121558,-2924.4793959939852,2117.4469355833717
619,32.316253732242465,119.8534848093118,46.13530531842517,3705.651100633964,3054916144151.5625,-534534967894.23047,-41.527981,-3000.5230135186575,2174.560122179799
620,32.31676849617878,119.85269228396963,45.25489625329965,3800.431723881508,3054916144148.5884,-534534968717.5821,-40.886268,-3077.5885769577,2229.737616596278
621,32.317386008789896,119.85174154672436,59.977178690883505,3895.519370781772,3054916144089.317,-534534969695.5402,-40.066939,-3153.6304238000885,2286.850742444396
622,32.317865955709,119.85100259274532,53.98753480563927,3991.072586240428,3054916143872.598,-534534970425.78235,-41.476415,-3230.7281063258415,2343.300299073104
623,32.31840467937802,119.85017312622357,56.515077653892945,4086.246087044715,3054916143695.286,-534534971257.0002,-43.006212,-3307.817409829353,2399.114642345812
624,32.318808602983836,119.84955119809796,42.71143604496904,4180.559445173578,3054916143735.091,-534534971910.4618,-40.639896,-3383.8228065217845,2454.9583476493135
625,32.31941044834431,119.84862450813715,52.47927530605208,4275.337851361638,3054916143394.7617,-534534972814.19977,-40.897727,-3460.8840508069843,2510.13850816153
626,32.31991286257723,119.84785090021884,49.99107654468529,4370.510866839726,3054916143159.0654,-534534973577.10834,-41.573818,-3537.9707872351864,2565.955561936833
627,32.32040840877347,119.84708785247543,44.333788411121255,4466.228052951239,3054916142932.9336,-534534974330.7046,-42.49628,-3617.1531244611833,2619.808446274139
628,32.32095578519364,119.84624497863574,47.72172200578626,4560.626857161107,3054916142976.8823,-534534975214.52454,-39.574195,-3694.2043016465614,2674.354484348558
629,32.32146959837633,119.8454537702926,49.1453131732095,4655.6238802609,3054916142864.4644,-534534976017.27045,-40.657085,-3769.1899660059717,2732.7716177199036
630,32.3220332684915,119.84458577020797,52.838043917505665,4751.340307474922,3054916142697.882,-534534976890.34875,-38.353795,-3848.3697019845713,2786.6261597643606
631,32.32249727551396,119.84387122765756,46.09977103795264,4846.037646670303,3054916142453.1123,-534534977590.2292,-38.233474,-3924.3859875486232,2843.1101796585135
632,32.323042165167095,119.84303211375817,50.47031431902408,4941.120835078042,3054916142175.7236,-534534978413.8739,-40.233096,-4000.4182564395014,2900.2291082581505
633,32.32360966418847,119.84215816322141,57.00456316463053,5035.509760659633,3054916141883.947,-534534979271.19934,-40.261744,-4077.4557190989144,2954.7780641675927
634,32.32397100805355,119.8416016820658,36.926134149383515,5131.918166249734,3054916141929.9136,-534534979857.63965,-37.087558,-4155.625909522758,3011.205301069189
635,32.324526636048866,119.8407459816874,39.46460977844923,5225.927641367911,3054916141368.452,-534534980648.7893,-38.611626,-4232.654202830279,3065.1195918065496
636,32.32506780623167,119.83991252899033,43.26376969755053,5321.395470385391,3054916141485.639,-534534981535.5514,-39.241879,-4308.699853191967,3122.8761306433007
637,32.325643883228075,119.83902529714034,51.242962322653526,5416.08278621233,3054916141304.4424,-534534982425.9881,-39.522629,-4384.701492882683,3179.3624463747256
638,32.32624358787793,119.83810165437183,61.456340328064805,5511.3304174898985,3054916141164.3022,-534534983361.43964,-38.760595,-4462.817636537831,3233.886471995618
639,32.32673233125073,119.83734889361722,56.64417921542214,5606.884286624844,3054916141041.622,-534534984122.33325,-38.926753,-4539.909902586485,3290.3448876976036
640,32.327203187334106,119.83662366923821,52.002940047516375,5701.104790275826,3054916141078.3193,-534534984882.4869,-39.854944,-4614.852266230737,3347.4967349604703
641,32.327743285713225,119.83579177952541,53.3550930079196,5795.963684616096,3054916140638.6855,-534534985670.14276,-40.135694,-4692.948944683652,3401.385781704448
642,32.328231559452156,119.835039697605,49.086828435518534,5891.508946134634,3054916140602.946,-534534986445.51697,-39.723164,-4770.029178945231,3457.846048394218
643,32.3288129272827,119.83414420543589,57.35777958702311,5986.28811265794,3054916140483.0034,-534534987355.19104,-38.709029,-4847.08429518342,3513.0356108550914
644,32.32947800723015,119.83450107003735,54.4591035387606,6081.06014078821,-5075687097268.8125,888119929739.1953,-38.307958,-4924.1291638491675,3568.2270686733536
645,32.33003225762096,119.83364732866524,52.44090778574338,6176.691306849644,-5075687090522.9375,888119927671.5781,-40.599789,-5002.256043296889,3623.3892942122184
646,32.33051567204121,119.83290268424658,53.605575737419855,6270.916276660078,-5075687241674.5625,888119953345.5156,-39.900781,-5077.202644548845,3680.5440161838196
647,32.3309591119086,119.83221960364602,62.96313307019241,6365.686425238213,-5075686864189.125,888119886585.0,-40.359147,-5154.24489583238,3735.7359674163163
648,32.331544485910946,119.83131786743526,53.740051675674096,6460.763559736984,-5075687135375.8125,888119933098.875,-40.874809,-5230.263239309308,3792.863327666186
649,32.332085185180844,119.83048493177212,53.78395115963872,6557.24525902351,-5075687517696.0625,888119999129.8906,-40.559682,-5309.460094683804,3847.999336011708
650,32.3326025223904,119.82968796793641,51.69209094413684,6651.469880075661,-5075687199821.3125,888119942681.4531,-40.834702,-5384.40326133417,3905.157242018264
651,32.333147702983275,119.82884809346352,51.07702247834342,6745.938567178034,-5075686711528.625,888119856369.5,-39.872133,-5462.474535624962,3958.4162362981588
652,32.33369655995188,119.8280025374591,48.372393276708586,6841.479865860693,-5075686939139.5,888119895317.1094,-41.40766,-5539.546046543168,4014.881860429421
653,32.334190414471344,119.8272417010216,48.16661942480319,6935.695174006507,-5075687148861.0625,888119931222.5781,-38.886646,-5614.477182381088,4072.040460906457
654,32.334697378540284,119.82646065252008,51.72783060377829,7032.182282523548,-5075687422753.25,888119978335.3281,-41.241502,-5693.679070656071,4127.178975403309
655,32.335232438767505,119.82563630097728,49.04834128644073,7126.870061739098,-5075686647299.9375,888119841793.5234,-43.951592,-5769.674531918601,4183.674541912042
656,32.335834653828954,119.82470846525553,43.89836571725965,7221.250770572858,-5075687709062.75,888120026611.6797,-40.307581,-5846.692261166521,4238.236932347529
657,32.33613714729009,119.82332163087827,22.500715750761486,7315.551172683878,342998857553.75,-60016399736.61719,-42.811406,-5922.6692336164415,4294.098055392969
658,32.33668060057763,119.82248428568221,25.037052298435967,7411.950099999693,342998888319.0625,-60016405989.86719,-41.413389,-6000.818324477179,4350.538325483911
659,32.33725215592311,119.82160362186643,34.11383484151013,7506.329073714892,342998793051.375,-60016390235.453125,-39.539817,-6077.833447815152,4405.101218305528
660,32.33782390273968,119.82072264311648,42.023004524230466,7602.041748099334,342998745708.0625,-60016382866.9375,-43.361446,-6156.996573301498,4458.972071699798
661,32.33818675594041,119.82016352879742,18.57339924106777,7695.700361655973,342998375674.375,-60016318701.125,-40.273203,-6229.814860972576,4518.098145724274
662,32.33875283802136,119.81929124653108,24.383412433459878,7791.711744170585,342997983943.75,-60016251064.27344,-41.063885,-6307.943718535476,4573.906202365179
663,32.339166628038086,119.8186536202665,9.296046233043906,7886.176161199741,342998833920.9375,-60016400451.82031,-40.576871,-6386.004713792587,4627.171732375398
664,32.339743620026134,119.81776449217432,17.947159569015977,7981.1600074927865,342998404974.9375,-60016326320.67969,-38.56006,-6460.959815455135,4685.607039464172
665,32.340262720448656,119.81696455604755,16.629103522685423,8076.782984102644,342997696881.6875,-60016203252.97656,-42.416066,-6539.0692869630875,4740.780129112303
666,32.34080841738148,119.81612361678486,21.30147049714189,8171.4665375522245,342997499738.3125,-60016169631.484375,-42.914539,-6615.055223025731,4797.281497958582
667,32.34129779932394,119.81536944536596,17.042314524138163,8266.61548142641,342998696922.4375,-60016379892.734375,-44.369852,-6692.096914804191,4853.119656533003
668,32.34181438986234,119.81457332805682,16.361070746217802,8360.999027512547,342998260270.125,-60016304316.5,-42.811406,-6769.1137512594,4907.688229765277
669,32.34234498642282,119.81375560905637,17.852475107699743,8456.920354586171,342998502572.6875,-60016347563.046875,-41.023778,-6846.187134065898,4964.798445975874
